insight_id,type,indicator,entity,period,value,prev_value,change_pct,severity,explanation
INS-0001,trend,anc_coverage,Ahmedabad,2026-08,69.0,85.0,-18.8,Medium,Anc Coverage in Ahmedabad dropped by 18.8% compared to previous month.
INS-0002,trend,anc_coverage,Mehsana,2026-08,42.0,84.0,-50.0,High,Anc Coverage in Mehsana dropped by 50.0% compared to previous month.
INS-0003,trend,high_risk_cases,Ahmedabad,2026-08,13.0,10.0,30.0,High,High Risk Cases in Ahmedabad increased by 30.0% compared to previous month.
INS-0004,trend,high_risk_cases,Bhavnagar,2026-08,15.0,17.0,-11.8,Medium,High Risk Cases in Bhavnagar dropped by 11.8% compared to previous month.
INS-0005,trend,high_risk_cases,Mehsana,2026-08,28.0,11.0,154.5,High,High Risk Cases in Mehsana increased by 154.5% compared to previous month.
INS-0006,trend,high_risk_cases,Vadodara,2026-08,6.0,7.0,-14.3,Medium,High Risk Cases in Vadodara dropped by 14.3% compared to previous month.
INS-0007,outlier,anc_coverage,Mehsana,2026-08,42.0,74.0,-43.2,High,Mehsana's anc coverage of 42 is an outlier compared to state mean (74.0).
INS-0008,outlier,immunization,Vadodara,2026-08,97.0,91.8,5.6,Medium,Vadodara's immunization of 97 is an outlier compared to state mean (91.8).
INS-0009,outlier,high_risk_cases,Vadodara,2026-08,6.0,14.7,-59.1,High,Vadodara's high risk cases of 6 is an outlier compared to state mean (14.7).
INS-0010,outlier,high_risk_cases,Mehsana,2026-08,28.0,14.7,90.9,High,Mehsana's high risk cases of 28 is an outlier compared to state mean (14.7).
INS-0011,correlation,anc_coverage:high_risk_cases,All Districts,2026-07..2026-08,-0.93,,,High,Strong correlation between anc_coverage and high_risk_cases (r = -0.93). Note: Fragile due to small sample size.
INS-0012,correlation,immunization:institutional_delivery,All Districts,2026-07..2026-08,0.98,,,High,Strong correlation between immunization and institutional_delivery (r = 0.98). Note: Fragile due to small sample size.
